{"stats":{"minecraft:used":{"minecraft:quartz_bricks":200,"minecraft:wheat_seeds":29,"minecraft:chiseled_polished_blackstone":79,"minecraft:water_bucket":10,"minecraft:light_blue_stained_glass_pane":8,"minecraft:end_rod":27,"minecraft:writable_book":1,"minecraft:iron_bars":93,"minecraft:dead_horn_coral_block":114,"minecraft:redstone":2,"minecraft:ladder":6,"minecraft:mycelium":4,"minecraft:blackstone":7,"minecraft:quartz_stairs":144,"minecraft:farmland":1,"minecraft:dried_kelp_block":5,"minecraft:smooth_quartz_stairs":6,"minecraft:polished_blackstone_bricks":54,"minecraft:gilded_blackstone":6,"minecraft:respawn_anchor":1,"minecraft:soul_sand":4,"minecraft:purpur_stairs":1,"minecraft:target":22,"minecraft:blue_stained_glass":103,"minecraft:dead_fire_coral_block":191,"minecraft:birch_sign":17,"minecraft:blast_furnace":27,"minecraft:carrot":31,"minecraft:note_block":1,"minecraft:polished_granite_slab":30,"minecraft:polished_diorite":8,"minecraft:glass":601,"minecraft:wooden_axe":22,"minecraft:lever":37,"minecraft:sea_lantern":47,"minecraft:quartz_pillar":44,"minecraft:daylight_detector":318,"minecraft:light_gray_concrete":50,"minecraft:heavy_weighted_pressure_plate":6,"minecraft:iron_block":261,"minecraft:grass_block":19,"minecraft:quartz_block":154,"minecraft:netherite_hoe":62,"minecraft:polished_blackstone_brick_stairs":22,"minecraft:smooth_quartz":569,"minecraft:iron_door":4,"minecraft:basalt":21,"minecraft:birch_trapdoor":1,"minecraft:crimson_stairs":5,"minecraft:soul_soil":35,"minecraft:furnace":1,"minecraft:podzol":34,"minecraft:beetroot_seeds":29,"minecraft:chain":50,"minecraft:grass_path":6,"minecraft:polished_blackstone_button":2,"minecraft:stone_pressure_plate":10,"minecraft:white_concrete":204,"minecraft:potato":39,"minecraft:coarse_dirt":53},"minecraft:dropped":{"minecraft:chicken":1,"minecraft:feather":2,"minecraft:iron_bars":1},"minecraft:killed":{"minecraft:wandering_trader":1,"minecraft:sheep":1,"minecraft:trader_llama":2,"minecraft:chicken":1},"minecraft:picked_up":{"minecraft:coarse_dirt":2,"minecraft:azure_bluet":1,"minecraft:feather":2,"minecraft:chicken":1,"minecraft:leather":2,"minecraft:lead":2,"minecraft:filled_map":14,"minecraft:heavy_weighted_pressure_plate":2,"minecraft:item_frame":14,"minecraft:wheat_seeds":10,"minecraft:birch_trapdoor":1,"minecraft:dead_fire_coral_block":30,"minecraft:carrot":2,"minecraft:cauldron":1,"minecraft:quartz_block":1,"minecraft:lever":6,"minecraft:birch_sign":11,"minecraft:mutton":1,"minecraft:iron_bars":1,"minecraft:white_wool":1},"minecraft:crafted":{"minecraft:coal":64},"minecraft:custom":{"minecraft:mob_kills":5,"minecraft:play_one_minute":452097,"minecraft:leave_game":4,"minecraft:time_since_death":439758,"minecraft:sleep_in_bed":2,"minecraft:climb_one_cm":3847,"minecraft:time_since_rest":55028,"minecraft:sprint_one_cm":524584,"minecraft:walk_one_cm":747200,"minecraft:drop":4,"minecraft:damage_dealt":869,"minecraft:swim_one_cm":3574,"minecraft:fly_one_cm":3575792,"minecraft:open_chest":1,"minecraft:crouch_one_cm":13341,"minecraft:deaths":2,"minecraft:sneak_time":10282,"minecraft:walk_under_water_one_cm":34483,"minecraft:interact_with_lectern":3,"minecraft:jump":1953,"minecraft:interact_with_blast_furnace":7,"minecraft:walk_on_water_one_cm":27098,"minecraft:horse_one_cm":875}},"DataVersion":2586}