{"stats":{"minecraft:used":{"minecraft:wheat_seeds":28,"minecraft:quartz_bricks":518,"minecraft:chiseled_polished_blackstone":5,"minecraft:water_bucket":1,"minecraft:end_rod":3,"minecraft:iron_bars":34,"minecraft:polished_blackstone":18,"minecraft:ladder":6,"minecraft:cauldron":4,"minecraft:quartz_stairs":37,"minecraft:smooth_quartz_stairs":9,"minecraft:light_gray_shulker_box":58,"minecraft:dark_oak_trapdoor":2,"minecraft:red_bed":10,"minecraft:painting":9,"minecraft:light_blue_stained_glass":1,"minecraft:redstone_torch":3,"minecraft:birch_door":2,"minecraft:glass":721,"minecraft:crimson_button":1,"minecraft:lever":5,"minecraft:sea_lantern":135,"minecraft:daylight_detector":57,"minecraft:quartz_slab":18,"minecraft:heavy_weighted_pressure_plate":29,"minecraft:oak_stairs":4,"minecraft:string":36,"minecraft:stone_button":2,"minecraft:quartz_block":215,"minecraft:netherite_hoe":2,"minecraft:polished_blackstone_brick_stairs":3,"minecraft:smooth_quartz":1081,"minecraft:iron_door":18,"minecraft:barrel":24,"minecraft:item_frame":3,"minecraft:tripwire_hook":45,"minecraft:birch_trapdoor":8,"minecraft:glowstone":4,"minecraft:iron_trapdoor":13,"minecraft:scaffolding":8,"minecraft:soul_soil":615,"minecraft:podzol":1,"minecraft:andesite_stairs":16,"minecraft:chain":24,"minecraft:polished_blackstone_button":4,"minecraft:stone_pressure_plate":3,"minecraft:white_concrete":218,"minecraft:potato":29,"minecraft:warped_button":1},"minecraft:dropped":{"minecraft:potato":1,"minecraft:birch_trapdoor":1},"minecraft:picked_up":{"minecraft:coarse_dirt":1,"minecraft:birch_door":1,"minecraft:wheat":52,"minecraft:chainmail_boots":1,"minecraft:ladder":2,"minecraft:tripwire_hook":2,"minecraft:water_bucket":2,"minecraft:potato":202,"minecraft:chainmail_chestplate":1,"minecraft:podzol":1,"minecraft:glass":1,"minecraft:wheat_seeds":173,"minecraft:redstone_torch":1,"minecraft:quartz_stairs":1,"minecraft:chiseled_polished_blackstone":1,"minecraft:daylight_detector":1,"minecraft:birch_trapdoor":2,"minecraft:poisonous_potato":2,"minecraft:dandelion":5,"minecraft:grass_path":1,"minecraft:dead_fire_coral_block":1,"minecraft:light_blue_stained_glass":1,"minecraft:barrel":1,"minecraft:quartz_bricks":1,"minecraft:chainmail_leggings":1,"minecraft:birch_sign":2,"minecraft:chainmail_helmet":1,"minecraft:polished_blackstone":1},"minecraft:custom":{"minecraft:interact_with_furnace":1,"minecraft:open_barrel":3,"minecraft:fill_cauldron":3,"minecraft:play_one_minute":333740,"minecraft:open_shulker_box":2,"minecraft:leave_game":6,"minecraft:time_since_death":75773,"minecraft:climb_one_cm":2796,"minecraft:time_since_rest":75793,"minecraft:sprint_one_cm":293562,"minecraft:walk_one_cm":480794,"minecraft:drop":2,"minecraft:fly_one_cm":1384780,"minecraft:crouch_one_cm":1624,"minecraft:deaths":1,"minecraft:sneak_time":3482,"minecraft:walk_under_water_one_cm":6405,"minecraft:jump":586,"minecraft:walk_on_water_one_cm":1882}},"DataVersion":2586}