{"stats":{"minecraft:used":{"minecraft:quartz_bricks":59,"minecraft:water_bucket":346,"minecraft:netherite_sword":2,"minecraft:writable_book":6,"minecraft:iron_bars":12,"minecraft:polished_granite_stairs":12,"minecraft:flint_and_steel":1,"minecraft:smooth_quartz_slab":12,"minecraft:armor_stand":9,"minecraft:dead_horn_coral_block":10,"minecraft:dark_oak_sign":1,"minecraft:oak_planks":5,"minecraft:chest":151,"minecraft:stone":10,"minecraft:composter":8,"minecraft:cauldron":6,"minecraft:blue_bed":1,"minecraft:quartz_stairs":77,"minecraft:green_bed":7,"minecraft:smooth_quartz_stairs":67,"minecraft:brewing_stand":6,"minecraft:soul_sand":1,"minecraft:tnt":19,"minecraft:red_bed":17,"minecraft:dead_fire_coral_block":280,"minecraft:birch_sign":13,"minecraft:white_bed":12,"minecraft:sponge":13,"minecraft:chiseled_quartz_block":5,"minecraft:polished_granite_slab":35,"minecraft:painting":60,"minecraft:light_blue_stained_glass":2,"minecraft:smoker":3,"minecraft:dark_oak_door":11,"minecraft:polished_diorite":7,"minecraft:obsidian":1,"minecraft:birch_fence":4,"minecraft:glass":1173,"minecraft:lever":6,"minecraft:flower_pot":4,"minecraft:sea_lantern":126,"minecraft:acacia_stairs":5,"minecraft:bookshelf":35,"minecraft:quartz_pillar":3,"minecraft:quartz_slab":11,"minecraft:heavy_weighted_pressure_plate":27,"minecraft:iron_block":18,"minecraft:lantern":2,"minecraft:oak_stairs":11,"minecraft:stone_button":2,"minecraft:quartz_block":59,"minecraft:polished_blackstone_brick_wall":4,"minecraft:lectern":10,"minecraft:smooth_quartz":620,"minecraft:iron_door":11,"minecraft:barrel":40,"minecraft:item_frame":14,"minecraft:scaffolding":2,"minecraft:iron_trapdoor":4,"minecraft:soul_soil":15,"minecraft:crimson_stairs":20,"minecraft:furnace":4,"minecraft:grindstone":1,"minecraft:white_stained_glass":19,"minecraft:yellow_bed":2,"minecraft:polished_blackstone_button":5,"minecraft:stone_pressure_plate":17},"minecraft:dropped":{"minecraft:water_bucket":2,"minecraft:quartz_bricks":2},"minecraft:killed":{"minecraft:cow":1},"minecraft:picked_up":{"minecraft:wheat":3,"minecraft:water_bucket":2,"minecraft:leather":3,"minecraft:potato":4,"minecraft:heavy_weighted_pressure_plate":3,"minecraft:dirt":1,"minecraft:wheat_seeds":14,"minecraft:beef":2,"minecraft:poppy":1,"minecraft:dead_fire_coral_block":269,"minecraft:quartz_bricks":2,"minecraft:coal":12},"minecraft:custom":{"minecraft:mob_kills":1,"minecraft:open_barrel":4,"minecraft:fill_cauldron":4,"minecraft:play_one_minute":331080,"minecraft:pot_flower":2,"minecraft:leave_game":4,"minecraft:time_since_death":331080,"minecraft:sleep_in_bed":1,"minecraft:climb_one_cm":3217,"minecraft:time_since_rest":16636,"minecraft:sprint_one_cm":219643,"minecraft:walk_one_cm":808209,"minecraft:drop":4,"minecraft:damage_dealt":138,"minecraft:fly_one_cm":2996691,"minecraft:open_chest":9,"minecraft:crouch_one_cm":5970,"minecraft:sneak_time":6200,"minecraft:walk_under_water_one_cm":14850,"minecraft:jump":1277,"minecraft:interact_with_brewingstand":4,"minecraft:walk_on_water_one_cm":26029}},"DataVersion":2586}